<?xml version='1.0' encoding='utf-8'?>
<addon id="plugin.video.zeltorix.anilibria" version="0.0.75" name="Project AniLibria" provider-name="Zeltorix">
    <requires>
        <import addon="xbmc.python" version="3.0.0" />
        <import addon="xbmc.gui" version="5.15.0" />
        <import addon="xbmc.addon" version="18.9.701" />
        <import addon="script.module.requests" version="2.27.1+matrix.1" />
    </requires>
    <extension point="xbmc.python.pluginsource" library="addon.py">
        <provides>video</provides>
    </extension>
    <extension point="xbmc.addon.metadata">
        <summary lang="en_GB">For site AniLibria</summary>
        <summary lang="ru_RU">Для сайта AniLibria</summary>
        <description lang="en_GB">To watch anime on the AniLibria project</description>
        <description lang="ru_RU">Для просмотра аниме на проекте AniLibria</description>
        <disclaimer lang="en_GB">For Kodi «Matrix» 19</disclaimer>
        <disclaimer lang="ru_RU">Для Kodi «Matrix» 19</disclaimer>
        <news>
            v0.0.2~alpha+matrix.1 (2023-01-20)
                [new] Добавлено
                [fix] Подорожник к пропуску сцен
            v0.0.1~alpha+matrix.1 (2023-01-14)
                [new] Добавлено
        </news>
        <platform>all</platform>
        <language>ru en
        </language> 
        <license>GPL-3-or-later</license>
        <forum>https://forum.kodi.tv/showthread.php?tid=xxxx</forum> 
        <source>https://github.com/zeltorix/repository_for_kodi/raw/main/source/release/plugin_video_zeltorix_anilibria</source>
        <assets>
            <icon>icon.jpg</icon>
            <fanart>fanart.jpg</fanart>
        </assets>
        <reuselanguageinvoker>true</reuselanguageinvoker>
        <debugging>true</debugging>
    </extension>
</addon>