<?xml version='1.0' encoding='utf-8'?>
<addon id="repository.zeltorix.develop" name="ZelToRiX DEV Add-on repository" version="0.0.16" provider-name="ZelToRiX">
  <extension point="xbmc.addon.repository" name="ZelToRiX DEV Add-on repository">
    <dir minversion="19.0.0">
      <info compressed="false">https://raw.githubusercontent.com/Zeltorix/repository_for_kodi/main/repo_develop/addons.xml</info>
      <checksum>https://raw.githubusercontent.com/Zeltorix/repository_for_kodi/main/repo_develop/addons.xml.md5</checksum>
      <datadir zip="true">https://github.com/Zeltorix/repository_for_kodi/raw/main/repo_develop/</datadir>
    </dir>
  </extension>
  <extension point="xbmc.addon.metadata">
    <summary lang="en">Install Add-ons from ZelToRiX DEV repository</summary>
    <summary lang="ru">Установить дополнения от ZelToRiX DEV</summary>
    <description lang="en">Download and install add-ons from the ZelToRiX add-on repository</description>
    <description lang="ru">Репозитория с попытками создать плагины</description>
    <source>https://github.com/zeltorix/repository_for_kodi/raw/main/source/develop/repository.zeltorix.develop</source>
    <platform>all</platform>
    <news>
      v0.0.1 (2023-01-27)
      [new] Создание репозитории для Kodi 19
      [fix] ...
    </news>
    <platform>all</platform>
    <assets>
      <icon>icon.jpg</icon>
    </assets>
  </extension>
</addon>